side,ablation,k,n_features,features,silhouette,davies_bouldin,stability_mean,stability_std,gt_ari,gt_purity,composite_score
ct,combat_only,3,7,"kpr, survival_rate, damage_per_round, damage_taken_per_round, multi_kill_rate, rifle_kill_share, awp_kill_share",0.31751998240171614,1.0859512634070407,0.9455297075380202,0.05823698771557364,0.30553671190174647,0.6171875,0.5778045980713535
ct,positioning_movement_only,3,6,"avg_distance_to_enemy, avg_distance_to_team_centroid, relative_team_centroid_distance, avg_distance_moved_per_round, avg_distance_to_closest_teammate, time_stationary_rate",0.2707359144423785,1.258010135655185,0.9275525268162431,0.048910545144489836,0.3262225727682486,0.6484375,0.5483247201147938
ct,no_trading_teamwork,3,36,"adr_std, kpr, survival_rate, damage_per_round, damage_taken_per_round, util_damage_per_round, opening_kill_rate, opening_death_rate, opening_duel_success, multi_kill_rate, rifle_kill_share, awp_kill_share, he_grenades_per_round, flashbangs_per_round, smokes_per_round, fire_nades_per_round, decoys_per_round, avg_distance_to_enemy, avg_distance_to_enemy_std, avg_distance_to_team_centroid, avg_distance_to_team_centroid_std, relative_team_centroid_distance, relative_team_centroid_distance_std, avg_distance_moved_per_round, avg_distance_moved_per_round_std, avg_distance_to_closest_teammate, avg_distance_to_closest_teammate_std, time_near_enemy_rate, time_near_enemy_rate_std, first_contact_rate, first_contact_received_rate, time_stationary_rate, time_stationary_rate_std, kast_std, impact_std, rating_std",0.16216398198435192,2.0895482313741063,0.9711028444360322,0.0317783911333305,0.6056461128348556,0.7890625,0.5053297575981466
ct,full,3,40,"adr_std, kpr, survival_rate, damage_per_round, damage_taken_per_round, util_damage_per_round, assists_per_round, flash_assists_per_round, trade_kill_rate, death_traded_rate, opening_kill_rate, opening_death_rate, opening_duel_success, multi_kill_rate, rifle_kill_share, awp_kill_share, he_grenades_per_round, flashbangs_per_round, smokes_per_round, fire_nades_per_round, decoys_per_round, avg_distance_to_enemy, avg_distance_to_enemy_std, avg_distance_to_team_centroid, avg_distance_to_team_centroid_std, relative_team_centroid_distance, relative_team_centroid_distance_std, avg_distance_moved_per_round, avg_distance_moved_per_round_std, avg_distance_to_closest_teammate, avg_distance_to_closest_teammate_std, time_near_enemy_rate, time_near_enemy_rate_std, first_contact_rate, first_contact_received_rate, time_stationary_rate, time_stationary_rate_std, kast_std, impact_std, rating_std",0.1489640791451261,2.195252577166709,0.9804666891559709,0.027058250160321387,0.5839923222796415,0.78125,0.5035418681240867
ct,no_utility,3,34,"adr_std, kpr, survival_rate, damage_per_round, damage_taken_per_round, assists_per_round, flash_assists_per_round, trade_kill_rate, death_traded_rate, opening_kill_rate, opening_death_rate, opening_duel_success, multi_kill_rate, rifle_kill_share, awp_kill_share, avg_distance_to_enemy, avg_distance_to_enemy_std, avg_distance_to_team_centroid, avg_distance_to_team_centroid_std, relative_team_centroid_distance, relative_team_centroid_distance_std, avg_distance_moved_per_round, avg_distance_moved_per_round_std, avg_distance_to_closest_teammate, avg_distance_to_closest_teammate_std, time_near_enemy_rate, time_near_enemy_rate_std, first_contact_rate, first_contact_received_rate, time_stationary_rate, time_stationary_rate_std, kast_std, impact_std, rating_std",0.15752964547297274,2.0919872641119963,0.9439255031697908,0.04999816247739246,0.5839923222796415,0.78125,0.4852661139355898
ct,no_opening_aggression,3,34,"adr_std, kpr, survival_rate, damage_per_round, damage_taken_per_round, util_damage_per_round, assists_per_round, flash_assists_per_round, trade_kill_rate, death_traded_rate, multi_kill_rate, rifle_kill_share, awp_kill_share, he_grenades_per_round, flashbangs_per_round, smokes_per_round, fire_nades_per_round, decoys_per_round, avg_distance_to_enemy, avg_distance_to_enemy_std, avg_distance_to_team_centroid, avg_distance_to_team_centroid_std, relative_team_centroid_distance, relative_team_centroid_distance_std, avg_distance_moved_per_round, avg_distance_moved_per_round_std, avg_distance_to_closest_teammate, avg_distance_to_closest_teammate_std, time_near_enemy_rate_std, time_stationary_rate, time_stationary_rate_std, kast_std, impact_std, rating_std",0.15039288917695992,2.1768558244428857,0.9506477766591795,0.048569140986691156,0.6200700957977733,0.796875,0.4839439378023755
ct,opening_aggression_only,3,6,"opening_kill_rate, opening_death_rate, opening_duel_success, first_contact_rate, first_contact_received_rate, time_near_enemy_rate",0.25396962432565506,1.3269544049633204,0.8359170756788005,0.11329254564442451,0.08357553818359549,0.46875,0.4765869178073914
ct,no_weapon_share,3,38,"adr_std, kpr, survival_rate, damage_per_round, damage_taken_per_round, util_damage_per_round, assists_per_round, flash_assists_per_round, trade_kill_rate, death_traded_rate, opening_kill_rate, opening_death_rate, opening_duel_success, multi_kill_rate, he_grenades_per_round, flashbangs_per_round, smokes_per_round, fire_nades_per_round, decoys_per_round, avg_distance_to_enemy, avg_distance_to_enemy_std, avg_distance_to_team_centroid, avg_distance_to_team_centroid_std, relative_team_centroid_distance, relative_team_centroid_distance_std, avg_distance_moved_per_round, avg_distance_moved_per_round_std, avg_distance_to_closest_teammate, avg_distance_to_closest_teammate_std, time_near_enemy_rate, time_near_enemy_rate_std, first_contact_rate, first_contact_received_rate, time_stationary_rate, time_stationary_rate_std, kast_std, impact_std, rating_std",0.12771444254743183,2.3019017912479103,0.9529393080501145,0.046423240070390025,0.5648454118208521,0.7734375,0.4742633576382977
ct,no_consistency,3,29,"kpr, survival_rate, damage_per_round, damage_taken_per_round, util_damage_per_round, assists_per_round, flash_assists_per_round, trade_kill_rate, death_traded_rate, opening_kill_rate, opening_death_rate, opening_duel_success, multi_kill_rate, rifle_kill_share, awp_kill_share, he_grenades_per_round, flashbangs_per_round, smokes_per_round, fire_nades_per_round, decoys_per_round, avg_distance_to_enemy, avg_distance_to_team_centroid, relative_team_centroid_distance, avg_distance_moved_per_round, avg_distance_to_closest_teammate, time_near_enemy_rate, first_contact_rate, first_contact_received_rate, time_stationary_rate",0.16976659732049074,1.9562104795639843,0.9190852813599619,0.07930452617910523,0.5287835627162022,0.7578125,0.47147312238666894
ct,no_combat,3,33,"adr_std, util_damage_per_round, assists_per_round, flash_assists_per_round, trade_kill_rate, death_traded_rate, opening_kill_rate, opening_death_rate, opening_duel_success, he_grenades_per_round, flashbangs_per_round, smokes_per_round, fire_nades_per_round, decoys_per_round, avg_distance_to_enemy, avg_distance_to_enemy_std, avg_distance_to_team_centroid, avg_distance_to_team_centroid_std, relative_team_centroid_distance, relative_team_centroid_distance_std, avg_distance_moved_per_round, avg_distance_moved_per_round_std, avg_distance_to_closest_teammate, avg_distance_to_closest_teammate_std, time_near_enemy_rate, time_near_enemy_rate_std, first_contact_rate, first_contact_received_rate, time_stationary_rate, time_stationary_rate_std, kast_std, impact_std, rating_std",0.1268573694549692,2.2998461295291075,0.8758311771083414,0.05876391965547296,0.5281884281368983,0.7578125,0.43817873740493135
ct,utility_only,3,6,"he_grenades_per_round, flashbangs_per_round, smokes_per_round, fire_nades_per_round, decoys_per_round, util_damage_per_round",0.2974728086428448,1.0434569458576146,0.7973180369596325,0.25896267469643663,0.09764497306696916,0.4609375,0.43220462968056356
ct,tactics_only,3,22,"assists_per_round, avg_distance_moved_per_round, avg_distance_to_closest_teammate, avg_distance_to_enemy, avg_distance_to_team_centroid, death_traded_rate, decoys_per_round, fire_nades_per_round, first_contact_rate, first_contact_received_rate, flash_assists_per_round, flashbangs_per_round, he_grenades_per_round, opening_death_rate, opening_duel_success, opening_kill_rate, relative_team_centroid_distance, smokes_per_round, time_near_enemy_rate, time_stationary_rate, trade_kill_rate, util_damage_per_round",0.1483749244847852,2.0208425785669415,0.859163441991829,0.09455435230288226,0.45364260737722706,0.71875,0.43140029959621773
ct,no_positioning_movement,3,34,"adr_std, kpr, survival_rate, damage_per_round, damage_taken_per_round, util_damage_per_round, assists_per_round, flash_assists_per_round, trade_kill_rate, death_traded_rate, opening_kill_rate, opening_death_rate, opening_duel_success, multi_kill_rate, rifle_kill_share, awp_kill_share, he_grenades_per_round, flashbangs_per_round, smokes_per_round, fire_nades_per_round, decoys_per_round, avg_distance_to_enemy_std, avg_distance_to_team_centroid_std, relative_team_centroid_distance_std, avg_distance_moved_per_round_std, avg_distance_to_closest_teammate_std, time_near_enemy_rate, time_near_enemy_rate_std, first_contact_rate, first_contact_received_rate, time_stationary_rate_std, kast_std, impact_std, rating_std",0.12565745763596659,2.3245098864756137,0.8470383203537147,0.11955284729030342,0.4507354887702938,0.7265625,0.40141641584633425
ct,consistency_only,3,11,"adr_std, avg_distance_to_enemy_std, avg_distance_to_team_centroid_std, relative_team_centroid_distance_std, avg_distance_moved_per_round_std, avg_distance_to_closest_teammate_std, time_near_enemy_rate_std, time_stationary_rate_std, kast_std, impact_std, rating_std",0.18287295792571978,1.5587223345138816,0.789933941561562,0.18826028009832926,0.1010732829766509,0.4921875,0.3919826584816597
ct,trading_teamwork_only,3,4,"trade_kill_rate, death_traded_rate, assists_per_round, flash_assists_per_round",0.20827174348846703,1.480294612829556,0.7286084566873279,0.21964495586887384,0.08426375037332628,0.484375,0.36752967986913176
t,tactics_only,4,22,"assists_per_round, avg_distance_moved_per_round, avg_distance_to_closest_teammate, avg_distance_to_enemy, avg_distance_to_team_centroid, death_traded_rate, decoys_per_round, fire_nades_per_round, first_contact_rate, first_contact_received_rate, flash_assists_per_round, flashbangs_per_round, he_grenades_per_round, opening_death_rate, opening_duel_success, opening_kill_rate, relative_team_centroid_distance, smokes_per_round, time_near_enemy_rate, time_stationary_rate, trade_kill_rate, util_damage_per_round",0.16361044519609472,1.8496921940802837,0.9331616605035208,0.06366048404915067,0.45601882188055726,0.7890625,0.48342766716845276
t,combat_only,4,7,"kpr, survival_rate, damage_per_round, damage_taken_per_round, multi_kill_rate, rifle_kill_share, awp_kill_share",0.3111622522159998,1.0236740871268286,0.836865133088915,0.18679020900034535,0.26288334094469507,0.609375,0.48332501381034315
t,no_trading_teamwork,4,36,"adr_std, kpr, survival_rate, damage_per_round, damage_taken_per_round, util_damage_per_round, opening_kill_rate, opening_death_rate, opening_duel_success, multi_kill_rate, rifle_kill_share, awp_kill_share, he_grenades_per_round, flashbangs_per_round, smokes_per_round, fire_nades_per_round, decoys_per_round, avg_distance_to_enemy, avg_distance_to_enemy_std, avg_distance_to_team_centroid, avg_distance_to_team_centroid_std, relative_team_centroid_distance, relative_team_centroid_distance_std, avg_distance_moved_per_round, avg_distance_moved_per_round_std, avg_distance_to_closest_teammate, avg_distance_to_closest_teammate_std, time_near_enemy_rate, time_near_enemy_rate_std, first_contact_rate, first_contact_received_rate, time_stationary_rate, time_stationary_rate_std, kast_std, impact_std, rating_std",0.14648383225197853,2.024175669259425,0.8749579292600072,0.06415510985247674,0.4534947650545735,0.7734375,0.44904838498180166
t,full,4,40,"adr_std, kpr, survival_rate, damage_per_round, damage_taken_per_round, util_damage_per_round, assists_per_round, flash_assists_per_round, trade_kill_rate, death_traded_rate, opening_kill_rate, opening_death_rate, opening_duel_success, multi_kill_rate, rifle_kill_share, awp_kill_share, he_grenades_per_round, flashbangs_per_round, smokes_per_round, fire_nades_per_round, decoys_per_round, avg_distance_to_enemy, avg_distance_to_enemy_std, avg_distance_to_team_centroid, avg_distance_to_team_centroid_std, relative_team_centroid_distance, relative_team_centroid_distance_std, avg_distance_moved_per_round, avg_distance_moved_per_round_std, avg_distance_to_closest_teammate, avg_distance_to_closest_teammate_std, time_near_enemy_rate, time_near_enemy_rate_std, first_contact_rate, first_contact_received_rate, time_stationary_rate, time_stationary_rate_std, kast_std, impact_std, rating_std",0.13369960679951973,2.14003384532458,0.8599255983477369,0.0669018080127811,0.46106741876507856,0.7890625,0.4343829398315221
t,no_consistency,4,29,"kpr, survival_rate, damage_per_round, damage_taken_per_round, util_damage_per_round, assists_per_round, flash_assists_per_round, trade_kill_rate, death_traded_rate, opening_kill_rate, opening_death_rate, opening_duel_success, multi_kill_rate, rifle_kill_share, awp_kill_share, he_grenades_per_round, flashbangs_per_round, smokes_per_round, fire_nades_per_round, decoys_per_round, avg_distance_to_enemy, avg_distance_to_team_centroid, relative_team_centroid_distance, avg_distance_moved_per_round, avg_distance_to_closest_teammate, time_near_enemy_rate, first_contact_rate, first_contact_received_rate, time_stationary_rate",0.15607205647490774,1.8588029344700585,0.8530077793036922,0.10799659424907586,0.38183835473843447,0.7421875,0.43039264833504215
t,no_utility,4,34,"adr_std, kpr, survival_rate, damage_per_round, damage_taken_per_round, assists_per_round, flash_assists_per_round, trade_kill_rate, death_traded_rate, opening_kill_rate, opening_death_rate, opening_duel_success, multi_kill_rate, rifle_kill_share, awp_kill_share, avg_distance_to_enemy, avg_distance_to_enemy_std, avg_distance_to_team_centroid, avg_distance_to_team_centroid_std, relative_team_centroid_distance, relative_team_centroid_distance_std, avg_distance_moved_per_round, avg_distance_moved_per_round_std, avg_distance_to_closest_teammate, avg_distance_to_closest_teammate_std, time_near_enemy_rate, time_near_enemy_rate_std, first_contact_rate, first_contact_received_rate, time_stationary_rate, time_stationary_rate_std, kast_std, impact_std, rating_std",0.14037359334396027,2.0133888113346354,0.856034059534772,0.08790459431462296,0.43549515397754757,0.765625,0.4297716829055871
t,trading_teamwork_only,4,4,"trade_kill_rate, death_traded_rate, assists_per_round, flash_assists_per_round",0.23296809037512983,1.256450145575542,0.7187872118100447,0.14865365859855456,0.13068874654778734,0.5390625,0.4098754541715318
t,no_combat,4,33,"adr_std, util_damage_per_round, assists_per_round, flash_assists_per_round, trade_kill_rate, death_traded_rate, opening_kill_rate, opening_death_rate, opening_duel_success, he_grenades_per_round, flashbangs_per_round, smokes_per_round, fire_nades_per_round, decoys_per_round, avg_distance_to_enemy, avg_distance_to_enemy_std, avg_distance_to_team_centroid, avg_distance_to_team_centroid_std, relative_team_centroid_distance, relative_team_centroid_distance_std, avg_distance_moved_per_round, avg_distance_moved_per_round_std, avg_distance_to_closest_teammate, avg_distance_to_closest_teammate_std, time_near_enemy_rate, time_near_enemy_rate_std, first_contact_rate, first_contact_received_rate, time_stationary_rate, time_stationary_rate_std, kast_std, impact_std, rating_std",0.12293511060836011,2.242550056907277,0.8465649222893751,0.11015119329842693,0.43863981361541937,0.7734375,0.4054193854919932
t,no_weapon_share,4,38,"adr_std, kpr, survival_rate, damage_per_round, damage_taken_per_round, util_damage_per_round, assists_per_round, flash_assists_per_round, trade_kill_rate, death_traded_rate, opening_kill_rate, opening_death_rate, opening_duel_success, multi_kill_rate, he_grenades_per_round, flashbangs_per_round, smokes_per_round, fire_nades_per_round, decoys_per_round, avg_distance_to_enemy, avg_distance_to_enemy_std, avg_distance_to_team_centroid, avg_distance_to_team_centroid_std, relative_team_centroid_distance, relative_team_centroid_distance_std, avg_distance_moved_per_round, avg_distance_moved_per_round_std, avg_distance_to_closest_teammate, avg_distance_to_closest_teammate_std, time_near_enemy_rate, time_near_enemy_rate_std, first_contact_rate, first_contact_received_rate, time_stationary_rate, time_stationary_rate_std, kast_std, impact_std, rating_std",0.12027803845227608,2.149654633494892,0.8120567803638248,0.09798489775906373,0.42630778254807977,0.75,0.39723899395822027
t,opening_aggression_only,4,6,"opening_kill_rate, opening_death_rate, opening_duel_success, first_contact_rate, first_contact_received_rate, time_near_enemy_rate",0.25272227274989556,1.2505015119693852,0.6676554415756603,0.15316023806303078,0.23348214420779517,0.5546875,0.39575607099053367
t,no_positioning_movement,4,34,"adr_std, kpr, survival_rate, damage_per_round, damage_taken_per_round, util_damage_per_round, assists_per_round, flash_assists_per_round, trade_kill_rate, death_traded_rate, opening_kill_rate, opening_death_rate, opening_duel_success, multi_kill_rate, rifle_kill_share, awp_kill_share, he_grenades_per_round, flashbangs_per_round, smokes_per_round, fire_nades_per_round, decoys_per_round, avg_distance_to_enemy_std, avg_distance_to_team_centroid_std, relative_team_centroid_distance_std, avg_distance_moved_per_round_std, avg_distance_to_closest_teammate_std, time_near_enemy_rate, time_near_enemy_rate_std, first_contact_rate, first_contact_received_rate, time_stationary_rate_std, kast_std, impact_std, rating_std",0.11362330944101559,2.259651634043929,0.8353855287226588,0.11795312001844273,0.46057953328917606,0.78125,0.3937785370828262
t,no_opening_aggression,4,34,"adr_std, kpr, survival_rate, damage_per_round, damage_taken_per_round, util_damage_per_round, assists_per_round, flash_assists_per_round, trade_kill_rate, death_traded_rate, multi_kill_rate, rifle_kill_share, awp_kill_share, he_grenades_per_round, flashbangs_per_round, smokes_per_round, fire_nades_per_round, decoys_per_round, avg_distance_to_enemy, avg_distance_to_enemy_std, avg_distance_to_team_centroid, avg_distance_to_team_centroid_std, relative_team_centroid_distance, relative_team_centroid_distance_std, avg_distance_moved_per_round, avg_distance_moved_per_round_std, avg_distance_to_closest_teammate, avg_distance_to_closest_teammate_std, time_near_enemy_rate_std, time_stationary_rate, time_stationary_rate_std, kast_std, impact_std, rating_std",0.12468016566752106,2.229799143409393,0.8277136223834968,0.14780566036104106,0.39697735656906397,0.75,0.38375860640541193
t,positioning_movement_only,4,6,"avg_distance_to_enemy, avg_distance_to_team_centroid, relative_team_centroid_distance, avg_distance_moved_per_round, avg_distance_to_closest_teammate, time_stationary_rate",0.24639473299382983,1.3090211217733578,0.6540594719315281,0.19066655861750828,0.20194762110315911,0.5859375,0.3705318495581208
t,utility_only,4,6,"he_grenades_per_round, flashbangs_per_round, smokes_per_round, fire_nades_per_round, decoys_per_round, util_damage_per_round",0.25343303067887335,1.2747885396243028,0.47494220402042514,0.19600494400993967,0.2518615089816168,0.6015625,0.3008683763422161
t,consistency_only,4,11,"adr_std, avg_distance_to_enemy_std, avg_distance_to_team_centroid_std, relative_team_centroid_distance_std, avg_distance_moved_per_round_std, avg_distance_to_closest_teammate_std, time_near_enemy_rate_std, time_stationary_rate_std, kast_std, impact_std, rating_std",0.11772104058984494,1.862692826459908,0.6150695751217365,0.19015429883671145,0.10877852595367757,0.5546875,0.2869188161181252
